nom,prenom,numero_etudiant,mot_de_passe,mail
Dupont,Pierre,123456,123456, DupontPierre@gmail.com
Martin,Marie,789012,789012, mardfvsd@gmail.com
ASSWIEL,Naif,222111,222111,naif@gmail.com
BERNARD,Mathieu,232323,232323,mathieu@gmail.com
BERTRAND,Ugo,456456,456456,ugo@gmail.com
BENKHAIR,Mohammed,890890,890890,mohammed@gmail.com
SIGAUT,Lucas,478478,478478,lucas@gmail.com
BONNAL,Rapeal,256256,256256,rapheal@gmail.com
AL-ALAWAY,Anas,701701,701701,anas@gmail.com
